{"sensingRadius":100.0,"communicationRadius":150.0,"generationCount":100,"mutationRate":0.3,"k":2,"targets":[[31.799999999999997,22.200000000000003],[147.8,64.6],[176.6,183.0],[49.400000000000006,286.2],[55.0,175.0],[341.4,184.6],[383.8,298.2],[382.2,376.6],[256.6,392.6],[144.6,383.8],[47.0,387.8],[185.4,241.39999999999998],[169.4,315.0],[318.2,75.8],[253.39999999999998,149.4],[375.0,55.8],[255.0,52.599999999999994],[67.0,69.4],[114.19999999999999,143.0],[115.0,239.0],[225.4,271.0],[315.0,267.0],[395.8,218.2]],"m":1,"potentialPositions":[[10.0,5.0],[110.0,5.0],[210.0,5.0],[310.0,5.0],[410.0,5.0],[10.0,105.0],[110.0,105.0],[210.0,105.0],[310.0,105.0],[410.0,105.0],[10.0,205.0],[110.0,205.0],[210.0,205.0],[310.0,205.0],[410.0,205.0],[10.0,305.0],[110.0,305.0],[210.0,305.0],[310.0,305.0],[410.0,305.0],[10.0,405.0],[110.0,405.0],[210.0,405.0],[310.0,405.0],[410.0,405.0]],"dimensions":[420,420]}