{
  "sensingRadius": 50.0,
  "communicationRadius": 100.0,
  "k": 2,
  "targets": [
    [
      44.569900713027685,
      102.20179196854662
    ],
    [
      293.04240792831337,
      62.36384941741102
    ],
    [
      551.8973851084163,
      445.7584634622099
    ],
    [
      781.2422953174578,
      384.74748007896085
    ],
    [
      884.5078207509048,
      364.16464358232236
    ],
    [
      961.2156323861145,
      224.64320386270492
    ],
    [
      33.227402947287324,
      376.8260468729714
    ],
    [
      119.06356424848852,
      365.3031796288285
    ],
    [
      198.0591230243479,
      437.2818864209846
    ],
    [
      744.0672086052784,
      80.399722266276
    ],
    [
      633.7297607480428,
      468.31994736982995
    ],
    [
      879.2364451108035,
      83.69900422409899
    ],
    [
      597.8378995139362,
      112.99246383663747
    ],
    [
      223.64450263471403,
      233.88882524670547
    ],
    [
      270.5301023829033,
      46.763054933271874
    ],
    [
      62.995540790841574,
      359.5660225878766
    ],
    [
      124.98348802212212,
      489.4717496008978
    ],
    [
      230.84810888603823,
      433.15859394907733
    ],
    [
      119.57532297497464,
      114.88739501583028
    ],
    [
      210.1439486201242,
      201.95195937343098
    ],
    [
      255.4708754889392,
      380.3234265290281
    ],
    [
      173.168713915285,
      279.4085253189817
    ],
    [
      497.462904831026,
      389.1255089738519
    ],
    [
      227.79714323937296,
      110.61419338359957
    ],
    [
      791.2478812671516,
      254.7960174668742
    ],
    [
      388.85212287514173,
      151.95487137418712
    ],
    [
      926.9248539367456,
      57.10292335703537
    ],
    [
      825.6334336603649,
      47.02082773839733
    ],
    [
      296.3551909026234,
      367.72718982800524
    ],
    [
      750.1488963691357,
      38.255861078330845
    ],
    [
      171.12280861179875,
      475.8351021206522
    ],
    [
      905.3066767097924,
      327.0132693622462
    ],
    [
      988.1854935049142,
      362.41903123690673
    ],
    [
      988.3045276238456,
      83.44979980981587
    ],
    [
      271.9104784147931,
      156.33177104852896
    ],
    [
      501.678065252939,
      312.08325038540085
    ],
    [
      244.03811362885097,
      254.64727962988277
    ],
    [
      462.94676417275207,
      298.85932640381236
    ],
    [
      877.2194857065776,
      5.311885517122194
    ],
    [
      123.52299375640064,
      401.2174196318887
    ],
    [
      133.12532369685226,
      331.007791051194
    ],
    [
      348.52601141838267,
      493.91475198003724
    ],
    [
      392.7250585346208,
      419.73227617508553
    ],
    [
      591.3691266836714,
      450.2628502957636
    ],
    [
      634.1864224089518,
      119.80318006731422
    ],
    [
      460.4653105076583,
      120.94979406182149
    ],
    [
      742.9477292032832,
      454.8332250422099
    ],
    [
      720.122320483333,
      370.76623062483264
    ],
    [
      448.8661600510697,
      217.67298681734854
    ],
    [
      193.67599925044675,
      347.32269352907383
    ],
    [
      776.9474499398256,
      411.4039060192981
    ],
    [
      444.13604037592637,
      285.24021409881556
    ],
    [
      571.0134247851247,
      380.17031679836555
    ],
    [
      296.0953622517188,
      294.31594967955505
    ],
    [
      603.7659596460021,
      312.97099819220847
    ],
    [
      232.38128777769896,
      240.80979650393357
    ],
    [
      22.056673973986697,
      409.4881472162046
    ],
    [
      449.9024460425367,
      7.267709369844388
    ],
    [
      392.774312333982,
      368.6134916033062
    ],
    [
      891.3725529074324,
      108.1919616976002
    ],
    [
      412.6122406917008,
      497.5383987374124
    ],
    [
      883.0684422378164,
      346.3879523781559
    ],
    [
      424.08103615799644,
      142.10681878491343
    ],
    [
      103.50644333609482,
      417.9618024666262
    ],
    [
      240.48176850398482,
      307.5869478464188
    ],
    [
      483.8976431427435,
      112.71268404902956
    ],
    [
      424.15797520148743,
      273.0995142672203
    ],
    [
      298.4692555341641,
      11.057967117130584
    ],
    [
      85.19522504439558,
      202.64766746773512
    ],
    [
      141.2156485072632,
      348.64913207573284
    ],
    [
      471.83933508522045,
      221.02541242066926
    ],
    [
      705.3695962839823,
      5.480880343439686
    ],
    [
      109.25526318342793,
      153.83860772734886
    ],
    [
      282.8604031674303,
      377.5651473045283
    ],
    [
      9.850708884653226,
      127.45458957056482
    ],
    [
      683.2522688579229,
      206.13666724526163
    ],
    [
      526.2398199001965,
      486.9034603924545
    ],
    [
      835.1330795491688,
      271.8759134500597
    ],
    [
      747.024073808601,
      17.58616132675811
    ],
    [
      677.6498959081812,
      209.77993474248518
    ],
    [
      945.9186844010621,
      250.10145984188586
    ],
    [
      75.86445182845026,
      64.08114697956235
    ],
    [
      486.35506574091534,
      186.5860255821607
    ],
    [
      400.82824809980923,
      82.00858140075911
    ],
    [
      756.540500911757,
      111.6687709741327
    ],
    [
      103.75333613918546,
      140.20576166998828
    ],
    [
      164.05882757101696,
      241.4727105517105
    ],
    [
      83.38180258687034,
      108.26371168610626
    ],
    [
      954.4464815797579,
      320.05458023524244
    ],
    [
      896.6331683059343,
      380.09733183265485
    ],
    [
      634.7806266562936,
      394.25448163547816
    ],
    [
      894.8355674185584,
      245.78782938701676
    ],
    [
      81.16701924197378,
      385.13495134936045
    ],
    [
      181.3232413386625,
      234.03331008305688
    ],
    [
      988.1174404846561,
      227.02072119121647
    ],
    [
      880.9094799083215,
      28.49441229930777
    ],
    [
      178.15737863695412,
      263.60759860427487
    ],
    [
      587.7203835940065,
      50.09116601238534
    ],
    [
      431.60693684825935,
      274.69085793462096
    ],
    [
      15.101780131283938,
      301.70191252703415
    ],
    [
      919.328931488166,
      456.77064300000865
    ],
    [
      809.787920215243,
      91.7346363316831
    ],
    [
      25.339965640297834,
      396.12378182150667
    ],
    [
      212.24733230687886,
      288.68550428686393
    ],
    [
      331.53194267418786,
      53.88860469566442
    ],
    [
      746.0975869967133,
      310.0691522623426
    ],
    [
      803.3527278155603,
      29.291173867073027
    ],
    [
      401.7073920895334,
      115.9994857334628
    ],
    [
      763.146350560633,
      379.34865608437065
    ],
    [
      842.5810828227071,
      60.219578864520784
    ],
    [
      66.95510370510127,
      51.21739990910806
    ],
    [
      7.846934085349533,
      49.52360826452718
    ],
    [
      10.936571061387458,
      26.810221293471326
    ],
    [
      110.14733960849077,
      76.28335815420856
    ],
    [
      885.1512242693287,
      88.38969206823732
    ],
    [
      435.45580664962546,
      318.18637765875127
    ],
    [
      765.326924966169,
      188.55116623193553
    ],
    [
      539.8215923964515,
      144.31228383278773
    ],
    [
      87.30864081999657,
      248.34112907632831
    ],
    [
      407.77005925115736,
      27.31850737311059
    ],
    [
      784.2535020351572,
      313.21369850974145
    ],
    [
      888.0629320320754,
      37.77589889697469
    ],
    [
      283.2320352343677,
      368.1100833468009
    ],
    [
      254.74950829249198,
      288.58961678152014
    ],
    [
      455.74909865059976,
      250.1528823497946
    ],
    [
      54.91613250008742,
      404.9597700300157
    ],
    [
